Gene name,Accession Number,Primary site,Mutation ID,Mutation CDS,Mutation AA,Mutation Description,Mutation zygosity,Mutation genome position,Mutation strand,SNP,FATHMM prediction,Mutation somatic status,Pubmed_PMID,ID_STUDY
BRAF,1559390,thyroid,COSM476,c.1799T>A,p.V600E,Substitution - Missense,,7:140753336-140753336,-,n,CANCER,Reported in another cancer sample as somatic,21175381,
PIK3CA,1047182,thyroid,COSM29097,c.1649T>C,p.F550S,Substitution - Missense,,3:179218319-179218319,+,n,CANCER,Variant of unknown origin,17317825,
NRAS,S61918,thyroid,COSM584,c.182A>G,p.Q61R,Substitution - Missense,,1:114713908-114713908,-,n,CANCER,Reported in another cancer sample as somatic,12727991,
NRAS,S71871,thyroid,COSM562,c.34G>T,p.G12C,Substitution - Missense,,1:114716127-114716127,-,n,CANCER,Reported in another cancer sample as somatic,12947056,
RET,S60612,thyroid,COSM965,c.2753T>C,p.M918T,Substitution - Missense,,10:43121968-43121968,+,n,CANCER,Reported in another cancer sample as somatic,7536460,
NRAS,1047146,thyroid,COSM580,c.181C>A,p.Q61K,Substitution - Missense,,1:114713909-114713909,-,n,CANCER,Reported in another cancer sample as somatic,17317825,
PTK6,111T,thyroid,COSM1237906,c.233G>T,p.W78L,Substitution - Missense,,20:63535057-63535057,-,n,CANCER,Confirmed somatic variant,23264394,
HRAS,S71865,thyroid,COSM490,c.38G>A,p.G13D,Substitution - Missense,,11:534285-534285,-,n,CANCER,Reported in another cancer sample as somatic,12947056,
HRAS,S61911,thyroid,COSM496,c.181C>A,p.Q61K,Substitution - Missense,,11:533875-533875,-,n,CANCER,Reported in another cancer sample as somatic,12727991,
ALK,1536206,thyroid,COSM97029,c.3602G>A,p.G1201E,Substitution - Missense,het,2:29220749-29220749,-,n,CANCER,Confirmed somatic variant,21596819,
HRAS,bou-18,thyroid,COSM483,c.35G>T,p.G12V,Substitution - Missense,,11:534288-534288,-,n,CANCER,Reported in another cancer sample as somatic,9724079,
NRAS,sua-6,thyroid,COSM570,c.37G>T,p.G13C,Substitution - Missense,,1:114716124-114716124,-,n,CANCER,Reported in another cancer sample as somatic,2183158,
IDH1,1528362,thyroid,COSM96923,c.211G>A,p.V71I,Substitution - Missense,,2:208248572-208248572,-,n,CANCER,Confirmed somatic variant,20702649,
CDKN2A,F8,thyroid,COSM13224,c.242C>T,p.P81L,Substitution - Missense,,9:21971117-21971117,-,n,CANCER,Confirmed somatic variant,8561866,
KRAS_ENST00000256078,MTCA12,thyroid,COSM1140133,c.35G>T,p.G12V,Substitution - Missense,,12:25245350-25245350,-,n,CANCER,Confirmed somatic variant,23264394,
HRAS,S61912,thyroid,COSM499,c.182A>G,p.Q61R,Substitution - Missense,,11:533874-533874,-,n,CANCER,Reported in another cancer sample as somatic,12727991,
TP53,ITO92-1,thyroid,COSM10659,c.817C>T,p.R273C,Substitution - Missense,,17:7673803-7673803,-,n,CANCER,Reported in another cancer sample as somatic,1737400,
KRAS,1292875,thyroid,COSM532,c.38G>A,p.G13D,Substitution - Missense,,12:25245347-25245347,-,n,CANCER,Reported in another cancer sample as somatic,18070147,
RET,1212520,thyroid,COSM964,c.1888T>C,p.C630R,Substitution - Missense,,10:43114488-43114488,+,n,CANCER,Confirmed somatic variant,19401695,
DICER1,2199473,thyroid,COSM959244,c.5438A>G,p.E1813G,Substitution - Missense,het,14:95091292-95091292,-,n,CANCER,Confirmed somatic variant,24617712,
TP53,ZOU93-5,thyroid,COSM10771,c.749C>T,p.P250L,Substitution - Missense,,17:7674214-7674214,-,n,CANCER,Reported in another cancer sample as somatic,8408453,
RET,1590799,thyroid,COSM29803,c.1852T>C,p.C618R,Substitution - Missense,het,10:43113648-43113648,+,n,CANCER,Confirmed somatic variant,22038905,
KRAS,esa-26,thyroid,COSM552,c.182A>G,p.Q61R,Substitution - Missense,,12:25227342-25227342,-,n,CANCER,Reported in another cancer sample as somatic,10468914,
PTEN,1047205,thyroid,COSM5092,c.385G>A,p.G129R,Substitution - Missense,,10:87933144-87933144,+,n,CANCER,Reported in another cancer sample as somatic,17317825,
KRAS,2202013,thyroid,COSM518,c.34G>C,p.G12R,Substitution - Missense,,12:25245351-25245351,-,n,CANCER,Confirmed somatic variant,24828033,
GNAS,1345474,thyroid,COSM27895,c.602G>A,p.R201H,Substitution - Missense,het,20:58909366-58909366,+,n,CANCER,Confirmed somatic variant,19550078,
TP53,2186755,thyroid,COSM11355,c.737T>C,p.M246T,Substitution - Missense,,17:7674226-7674226,-,n,CANCER,Reported in another cancer sample as somatic,24423316,
KRAS,1292865,thyroid,COSM521,c.35G>A,p.G12D,Substitution - Missense,,12:25245350-25245350,-,n,CANCER,Reported in another cancer sample as somatic,18070147,
PIK3CA,2186746,thyroid,COSM760,c.1624G>A,p.E542K,Substitution - Missense,,3:179218294-179218294,+,n,CANCER,Reported in another cancer sample as somatic,24423316,
CDKN2A,918185,thyroid,COSM13292,c.299C>T,p.A100V,Substitution - Missense,,9:21971060-21971060,-,n,CANCER,Confirmed somatic variant,9827724,
AXIN1,16,thyroid,COSM143860,c.1714G>A,p.G572R,Substitution - Missense,het,16:297792-297792,-,n,CANCER,Confirmed somatic variant,15650354,
NRAS,sua-16,thyroid,COSM586,c.183A>C,p.Q61H,Substitution - Missense,,1:114713907-114713907,-,n,CANCER,Reported in another cancer sample as somatic,2183158,
RET,MTCA05,thyroid,COSM1223553,c.1942G>A,p.V648I,Substitution - Missense,,10:43114542-43114542,+,n,CANCER,Confirmed somatic variant,23264394,
KRAS,sua-7,thyroid,COSM517,c.34G>A,p.G12S,Substitution - Missense,,12:25245351-25245351,-,n,CANCER,Reported in another cancer sample as somatic,2183158,
PIK3CA,1078194,thyroid,COSM777,c.3145G>A,p.G1049S,Substitution - Missense,,3:179234302-179234302,+,n,CANCER,Confirmed somatic variant,22696596,
HRAS,1489923,thyroid,COSM486,c.37G>C,p.G13R,Substitution - Missense,,11:534286-534286,-,n,CANCER,Confirmed somatic variant,21325462,
TP53,Patient_1:_pre-everolimus,thyroid,COSM10801,c.404G>A,p.C135Y,Substitution - Missense,het,17:7675208-7675208,-,n,CANCER,Confirmed somatic variant,25295501,
RET,1590803,thyroid,COSM974,c.1901G>A,p.C634Y,Substitution - Missense,het,10:43114501-43114501,+,n,CANCER,Confirmed somatic variant,22038905,
PIK3CA,228,thyroid,COSM775,c.3140A>G,p.H1047R,Substitution - Missense,het,3:179234297-179234297,+,n,CANCER,Reported in another cancer sample as somatic,16288007,
TP53,2186740,thyroid,COSM44633,c.583A>T,p.I195F,Substitution - Missense,,17:7674948-7674948,-,n,CANCER,Reported in another cancer sample as somatic,24423316,
TP53,2186740,thyroid,COSM10957,c.733G>C,p.G245R,Substitution - Missense,,17:7674230-7674230,-,n,CANCER,Reported in another cancer sample as somatic,24423316,
RET,1695749,thyroid,COSM249789,c.2117T>C,p.V706A,Substitution - Missense,het,10:43114717-43114717,+,n,CANCER,Variant of unknown origin,22648435,
TP53,2186757,thyroid,COSM43687,c.641A>G,p.H214R,Substitution - Missense,,17:7674890-7674890,-,n,CANCER,Reported in another cancer sample as somatic,24423316,
GNAS,6B,parathyroid,COSM27887,c.601C>T,p.R201C,Substitution - Missense,het,20:58909365-58909365,+,n,CANCER,Confirmed somatic variant,7745022,
BRAF,2230480,thyroid,COSM478,c.1801A>G,p.K601E,Substitution - Missense,,7:140753334-140753334,-,n,CANCER,Reported in another cancer sample as somatic,25120313,
CTNNB1,E37500,thyroid,COSM5761,c.131C>T,p.P44L,Substitution - Missense,,3:41224643-41224643,+,n,CANCER,Confirmed somatic variant,12474227,
RET,1212507,thyroid,COSM29805,c.1859G>C,p.C620S,Substitution - Missense,,10:43113655-43113655,+,n,CANCER,Confirmed somatic variant,19401695,
AXIN1,12,thyroid,COSM143867,c.1648G>A,p.V550M,Substitution - Missense,hom,16:297858-297858,-,n,CANCER,Confirmed somatic variant,15650354,
AXIN1,13,thyroid,COSM143869,c.1912G>A,p.E638K,Substitution - Missense,het,16:297099-297099,-,n,CANCER,Confirmed somatic variant,15650354,
AXIN1,13,thyroid,COSM143870,c.1931G>A,p.S644N,Substitution - Missense,het,16:297080-297080,-,n,CANCER,Confirmed somatic variant,15650354,
ATM,107T,thyroid,COSM1237714,c.5963G>T,p.S1988I,Substitution - Missense,,11:108312455-108312455,+,n,CANCER,Confirmed somatic variant,23264394,
PIK3CA,316,thyroid,COSM763,c.1633G>A,p.E545K,Substitution - Missense,,3:179218303-179218303,+,n,CANCER,Confirmed somatic variant,21726664,
AKT1,1240039,thyroid,COSM33765,c.49G>A,p.E17K,Substitution - Missense,,14:104780214-104780214,-,n,CANCER,Reported in another cancer sample as somatic,19487299,
KRAS,man-9,thyroid,COSM522,c.35G>C,p.G12A,Substitution - Missense,,12:25245350-25245350,-,n,CANCER,Reported in another cancer sample as somatic,7946598,
HRAS,kar-31,thyroid,COSM480,c.34G>A,p.G12S,Substitution - Missense,,11:534289-534289,-,n,CANCER,Reported in another cancer sample as somatic,1890154,
PIK3CA,1059556,thyroid,COSM33601,c.3155C>T,p.T1052I,Substitution - Missense,,3:179234312-179234312,+,n,CANCER,Variant of unknown origin,17426084,
PIK3CA,123,thyroid,COSM28540,c.1564G>A,p.E522K,Substitution - Missense,het,3:179218234-179218234,+,n,CANCER,Confirmed somatic variant,16288007,
PIK3CA_ENST00000263967,1078194,thyroid,COSM1421012,c.3145G>A,p.G1049S,Substitution - Missense,,3:179234302-179234302,+,n,CANCER,Confirmed somatic variant,22696596,
RET,S60358,thyroid,COSM970,c.2756C>T,p.A919V,Substitution - Missense,,10:43121971-43121971,+,n,CANCER,Confirmed somatic variant,9617347,
RET,MTCA10,thyroid,COSM133167,c.2647G>T,p.A883S,Substitution - Missense,,10:43120120-43120120,+,n,CANCER,Confirmed somatic variant,23264394,
TP53,WHM07-11,thyroid,COSM10722,c.853G>A,p.E285K,Substitution - Missense,,17:7673767-7673767,-,n,CANCER,Reported in another cancer sample as somatic,17638058,
HRAS,1511189,thyroid,COSM481,c.34G>T,p.G12C,Substitution - Missense,,11:534289-534289,-,n,CANCER,Reported in another cancer sample as somatic,1708628,
NRAS,1170050,thyroid,COSM585,c.183A>T,p.Q61H,Substitution - Missense,het,1:114713907-114713907,-,n,CANCER,Confirmed somatic variant,19082310,
PTPN14,Patient_1:_pre-everolimus,thyroid,COSM228295,c.2669G>A,p.R890Q,Substitution - Missense,het,1:214377978-214377978,-,n,CANCER,Confirmed somatic variant,25295501,
TP53,DON93-T1,thyroid,COSM6815,c.461G>T,p.G154V,Substitution - Missense,,17:7675151-7675151,-,n,CANCER,Reported in another cancer sample as somatic,8473515,
CTNNB1,gar-3,thyroid,COSM5663,c.133T>C,p.S45P,Substitution - Missense,,3:41224645-41224645,+,n,CANCER,Reported in another cancer sample as somatic,10213482,
KRAS,1745367,thyroid,COSM27159,c.187G>A,p.E63K,Substitution - Missense,,12:25227337-25227337,-,n,CANCER,Reported in another cancer sample as somatic,22865907,
MET,917086,thyroid,COSM707,c.3029C>T,p.T1010I,Substitution - Missense,het,7:116771936-116771936,+,n,CANCER,Confirmed somatic variant,15767811,
TSHR,1136593,thyroid,COSM26484,c.1535T>G,p.L512R,Substitution - Missense,,14:81143593-81143593,+,n,CANCER,Reported in another cancer sample as somatic,18694911,
CTNNB1,gar-19,thyroid,COSM5697,c.163G>A,p.E55K,Substitution - Missense,,3:41224675-41224675,+,n,CANCER,Variant of unknown origin,10213482,
KRAS,1489932,thyroid,COSM549,c.181C>A,p.Q61K,Substitution - Missense,,12:25227343-25227343,-,n,CANCER,Confirmed somatic variant,21325462,
MEN1,1030133,parathyroid,COSM22594,c.758C>T,p.S253L,Substitution - Missense,hom,11:64807577-64807577,-,n,CANCER,Confirmed somatic variant,10931084,
PTEN,1047273,thyroid,COSM5033,c.389G>A,p.R130Q,Substitution - Missense,,10:87933148-87933148,+,n,CANCER,Reported in another cancer sample as somatic,17317825,
CTNNB1,E37503,thyroid,COSM5706,c.65T>C,p.V22A,Substitution - Missense,,3:41224577-41224577,+,n,CANCER,Confirmed somatic variant,12474227,
KRAS,sua-28,thyroid,COSM516,c.34G>T,p.G12C,Substitution - Missense,,12:25245351-25245351,-,n,CANCER,Reported in another cancer sample as somatic,2183158,
KRAS,sal-1,thyroid,COSM528,c.37G>A,p.G13S,Substitution - Missense,,12:25245348-25245348,-,n,CANCER,Reported in another cancer sample as somatic,8630516,
PIK3CA,220,thyroid,COSM28542,c.3088A>G,p.K1030E,Substitution - Missense,het,3:179234245-179234245,+,n,CANCER,Confirmed somatic variant,16288007,
RET,912003,thyroid,COSM21338,c.2304G>C,p.E768D,Substitution - Missense,,10:43118392-43118392,+,n,CANCER,Variant of unknown origin,15875728,
KRAS,hor-1,thyroid,COSM533,c.38G>C,p.G13A,Substitution - Missense,,12:25245347-25245347,-,n,CANCER,Confirmed somatic variant,7559096,
RET,1005209,thyroid,COSM20888,c.2732G>A,p.G911D,Substitution - Missense,hom,10:43121947-43121947,+,n,CANCER,Confirmed somatic variant,16571096,
RET,1005209,thyroid,COSM20889,c.2761G>A,p.E921K,Substitution - Missense,hom,10:43121976-43121976,+,n,CANCER,Confirmed somatic variant,16571096,
KRAS,1994040,thyroid,COSM554,c.183A>C,p.Q61H,Substitution - Missense,,12:25227341-25227341,-,n,CANCER,Confirmed somatic variant,22913480,
TP53,SAL96-1,thyroid,COSM10863,c.833C>T,p.P278L,Substitution - Missense,,17:7673787-7673787,-,n,CANCER,Reported in another cancer sample as somatic,8630516,
EGFR,2218429,thyroid,COSM6224,c.2573T>G,p.L858R,Substitution - Missense,,7:55191822-55191822,+,n,CANCER,Reported in another cancer sample as somatic,25076890,
NRAS,fen-17,thyroid,COSM564,c.35G>A,p.G12D,Substitution - Missense,,1:114716126-114716126,-,n,CANCER,Reported in another cancer sample as somatic,10614528,
PIK3CA,230b,thyroid,COSM771,c.3073A>G,p.T1025A,Substitution - Missense,het,3:179234230-179234230,+,n,CANCER,Confirmed somatic variant,16288007,
HRAS,MTCB07,thyroid,COSM304967,c.351G>T,p.K117N,Substitution - Missense,,11:533552-533552,-,n,CANCER,Confirmed somatic variant,23264394,
EGFR,1507380,thyroid,COSM13182,c.2203G>A,p.G735S,Substitution - Missense,hom,7:55174740-55174740,+,n,CANCER,Reported in another cancer sample as somatic,21487925,
CTNNB1,1172716,parathyroid,COSM5675,c.109T>G,p.S37A,Substitution - Missense,hom,3:41224621-41224621,+,n,CANCER,Confirmed somatic variant,18541010,
PIK3CA,1047171,thyroid,COSM17446,c.3149G>A,p.G1050D,Substitution - Missense,,3:179234306-179234306,+,n,CANCER,Variant of unknown origin,17317825,
PTEN,1047202,thyroid,COSM5034,c.425G>A,p.R142Q,Substitution - Missense,,10:87933184-87933184,+,n,CANCER,Reported in another cancer sample as somatic,17317825,
PIK3CA,221,thyroid,COSM776,c.3140A>T,p.H1047L,Substitution - Missense,het,3:179234297-179234297,+,n,CANCER,Confirmed somatic variant,16288007,
PIK3CA,1047238,thyroid,COSM12458,c.1634A>C,p.E545A,Substitution - Missense,,3:179218304-179218304,+,n,CANCER,Reported in another cancer sample as somatic,17317825,
CTNNB1,gar-15,thyroid,COSM5704,c.130C>T,p.P44S,Substitution - Missense,,3:41224642-41224642,+,n,CANCER,Variant of unknown origin,10213482,
CTNNB1,gar-15,thyroid,COSM5712,c.140G>A,p.S47N,Substitution - Missense,,3:41224652-41224652,+,n,CANCER,Variant of unknown origin,10213482,
TP53_ENST00000269305,Patient_1:_post-everolimus,thyroid,COSM99601,c.404G>A,p.C135Y,Substitution - Missense,het,17:7675208-7675208,-,n,CANCER,Confirmed somatic variant,25295501,
TP53_ENST00000545858,Patient_1:_post-everolimus,thyroid,COSM99600,c.125G>A,p.C42Y,Substitution - Missense,het,17:7675208-7675208,-,n,CANCER,Confirmed somatic variant,25295501,
TSHR,1136574,thyroid,COSM26481,c.1274G>T,p.S425I,Substitution - Missense,,14:81143332-81143332,+,n,CANCER,Reported in another cancer sample as somatic,18694911,
TP53,ZOU93-2,thyroid,COSM43981,c.803A>G,p.N268S,Substitution - Missense,,17:7673817-7673817,-,n,CANCER,Variant of unknown origin,8408453,
TP53,2186737,thyroid,COSM10648,c.524G>A,p.R175H,Substitution - Missense,,17:7675088-7675088,-,n,CANCER,Reported in another cancer sample as somatic,24423316,
PTEN,1047248,thyroid,COSM23657,c.1015C>T,p.P339S,Substitution - Missense,,10:87961107-87961107,+,n,CANCER,Variant of unknown origin,17317825,
PTEN,1047248,thyroid,COSM23655,c.452C>A,p.A151D,Substitution - Missense,,10:87933211-87933211,+,n,CANCER,Variant of unknown origin,17317825,
PTEN,1047248,thyroid,COSM23656,c.952C>T,p.L318F,Substitution - Missense,,10:87961044-87961044,+,n,CANCER,Variant of unknown origin,17317825,
CTNNB1,1696148,parathyroid,COSM5677,c.98C>G,p.S33C,Substitution - Missense,het,3:41224610-41224610,+,n,CANCER,Confirmed somatic variant,22576020,
PIK3CA,1047246,thyroid,COSM29119,c.3030G>A,p.M1010I,Substitution - Missense,,3:179234187-179234187,+,n,CANCER,Variant of unknown origin,17317825,
RET,S61100,thyroid,COSM978,c.1892A>G,p.D631G,Substitution - Missense,,10:43114492-43114492,+,n,CANCER,Confirmed somatic variant,9621513,
CTNNB1,gar-13,thyroid,COSM5662,c.110C>T,p.S37F,Substitution - Missense,,3:41224622-41224622,+,n,CANCER,Reported in another cancer sample as somatic,10213482,
CTNNB1,gar-13,thyroid,COSM5700,c.179C>T,p.S60F,Substitution - Missense,,3:41224691-41224691,+,n,CANCER,Variant of unknown origin,10213482,
PIK3C2A,116T,thyroid,COSM1237888,c.1016T>C,p.L339S,Substitution - Missense,,11:17168726-17168726,-,n,CANCER,Confirmed somatic variant,23264394,
SMAD4,949493,thyroid,COSM14188,c.951T>A,p.H317Q,Substitution - Missense,het,18:51059912-51059912,+,n,CANCER,Confirmed somatic variant,15940269,
HRAS,1511159,thyroid,COSM485,c.35G>C,p.G12A,Substitution - Missense,,11:534288-534288,-,n,CANCER,Reported in another cancer sample as somatic,1708628,
RET,1212494,thyroid,COSM29806,c.1888T>G,p.C630G,Substitution - Missense,,10:43114488-43114488,+,n,CANCER,Confirmed somatic variant,19401695,
PIK3CA,216a,thyroid,COSM28541,c.3031C>T,p.P1011S,Substitution - Missense,het,3:179234188-179234188,+,n,CANCER,Confirmed somatic variant,16288007,
TSHR,1136575,thyroid,COSM27548,c.1291G>A,p.G431S,Substitution - Missense,,14:81143349-81143349,+,n,CANCER,Reported in another cancer sample as somatic,18694911,
NRAS,23A,thyroid,COSM583,c.182A>T,p.Q61L,Substitution - Missense,,1:114713908-114713908,-,n,CANCER,Reported in another cancer sample as somatic,18070147,
HRAS_ENST00000397594,19,thyroid,COSM244958,c.182A>G,p.Q61R,Substitution - Missense,,11:533874-533874,-,n,CANCER,Confirmed somatic variant,21726664,
APC,990536,thyroid,COSM19246,c.4036T>C,p.S1346P,Substitution - Missense,,5:112839630-112839630,+,n,CANCER,Variant of unknown origin,7962323,
KRAS,1489934,thyroid,COSM553,c.182A>T,p.Q61L,Substitution - Missense,,12:25227342-25227342,-,n,CANCER,Confirmed somatic variant,21325462,
EGFR,1005460,thyroid,COSM20896,c.2500G>A,p.V834M,Substitution - Missense,,7:55191749-55191749,+,n,CANCER,Reported in another cancer sample as somatic,16822827,
PIK3CA,1092236,thyroid,COSM12597,c.3145G>C,p.G1049R,Substitution - Missense,,3:179234302-179234302,+,n,CANCER,Confirmed somatic variant,22696596,
KRAS,wri-10,thyroid,COSM551,c.182A>C,p.Q61P,Substitution - Missense,,12:25227342-25227342,-,n,CANCER,Reported in another cancer sample as somatic,2011403,
SMAD4,949494,thyroid,COSM14192,c.1294A>G,p.S432G,Substitution - Missense,het,18:51067173-51067173,+,n,CANCER,Confirmed somatic variant,15940269,
DICER1,2199474,thyroid,COSM959251,c.5113G>A,p.E1705K,Substitution - Missense,het,14:95094139-95094139,-,n,CANCER,Confirmed somatic variant,24617712,
TP53_ENST00000414315,Patient_1:_pre-everolimus,thyroid,COSM99599,c.8G>A,p.C3Y,Substitution - Missense,het,17:7675208-7675208,-,n,CANCER,Confirmed somatic variant,25295501,
MEN1,1030134,parathyroid,COSM22595,c.850G>C,p.A284P,Substitution - Missense,hom,11:64807073-64807073,-,n,CANCER,Confirmed somatic variant,10931084,
MEN1,1021261,parathyroid,COSM23021,c.1327T>C,p.S443P,Substitution - Missense,hom,11:64805057-64805057,-,n,CANCER,Confirmed somatic variant,11058905,
SMAD4,949503,thyroid,COSM14194,c.1579A>G,p.I527V,Substitution - Missense,het,18:51078387-51078387,+,n,CANCER,Confirmed somatic variant,15940269,
TP53,2186778,thyroid,COSM45519,c.620A>G,p.D207G,Substitution - Missense,,17:7674911-7674911,-,n,CANCER,Variant of unknown origin,24423316,
MEN1,1024396,parathyroid,COSM22648,c.1682T>C,p.M561T,Substitution - Missense,hom,11:64804485-64804485,-,n,CANCER,Confirmed somatic variant,9241276,
MEN1,1933022,parathyroid,COSM1577224,c.415C>T,p.H139Y,Substitution - Missense,hom,11:64809695-64809695,-,n,CANCER,Confirmed somatic variant,23633209,
PIK3CA,1047260,thyroid,COSM29095,c.3001C>A,p.L1001I,Substitution - Missense,,3:179234158-179234158,+,n,CANCER,Variant of unknown origin,17317825,
CTNNB1,gar-1,thyroid,COSM5708,c.119C>T,p.T40I,Substitution - Missense,,3:41224631-41224631,+,n,CANCER,Reported in another cancer sample as somatic,10213482,
CTNNB1,gar-1,thyroid,COSM5709,c.146A>G,p.K49R,Substitution - Missense,,3:41224658-41224658,+,n,CANCER,Variant of unknown origin,10213482,
NRAS,sua-21,thyroid,COSM573,c.38G>A,p.G13D,Substitution - Missense,,1:114716123-114716123,-,n,CANCER,Reported in another cancer sample as somatic,2183158,
TSHR,1101817,thyroid,COSM26448,c.1535T>A,p.L512Q,Substitution - Missense,het,14:81143593-81143593,+,n,CANCER,Confirmed somatic variant,11434721,
TP53,ZOU93-1,thyroid,COSM43836,c.475G>C,p.A159P,Substitution - Missense,,17:7675137-7675137,-,n,CANCER,Reported in another cancer sample as somatic,8408453,
GNAQ,Patient_1:_pre-everolimus,thyroid,COSM1463120,c.254C>T,p.T85M,Substitution - Missense,het,9:77922228-77922228,-,n,CANCER,Confirmed somatic variant,25295501,
CTNNB1,12,thyroid,COSM17809,c.170T>C,p.V57A,Substitution - Missense,het,3:41224682-41224682,+,n,CANCER,Confirmed somatic variant,15650354,
CDC73,1494906,parathyroid,COSM86066,c.14T>C,p.L5P,Substitution - Missense,,1:193122214-193122214,+,n,CANCER,Confirmed somatic variant,21360064,
SF3B1,111T,thyroid,COSM1237927,c.1877A>T,p.N626I,Substitution - Missense,,2:197402756-197402756,-,n,CANCER,Confirmed somatic variant,23264394,
IDH1,1528353,thyroid,COSM96533,c.399T>A,p.H133Q,Substitution - Missense,het,2:208248384-208248384,-,n,CANCER,Confirmed somatic variant,20702649,
TP53,ITO92-6,thyroid,COSM44901,c.532C>G,p.H178D,Substitution - Missense,,17:7675080-7675080,-,n,CANCER,Reported in another cancer sample as somatic,1737400,
TP53,2186753,thyroid,COSM10662,c.743G>A,p.R248Q,Substitution - Missense,,17:7674220-7674220,-,n,CANCER,Reported in another cancer sample as somatic,24423316,
HRAS,1489885,thyroid,COSM489,c.38G>T,p.G13V,Substitution - Missense,,11:534285-534285,-,n,CANCER,Confirmed somatic variant,21325462,
PIK3CA,1047247,thyroid,COSM29121,c.1562A>G,p.N521S,Substitution - Missense,,3:179218232-179218232,+,n,CANCER,Variant of unknown origin,17317825,
TP53_ENST00000413465,Patient_1:_post-everolimus,thyroid,COSM99598,c.404G>A,p.C135Y,Substitution - Missense,het,17:7675208-7675208,-,n,CANCER,Confirmed somatic variant,25295501,
HRAS,1434902,thyroid,COSM488,c.37G>T,p.G13C,Substitution - Missense,,11:534286-534286,-,n,CANCER,Reported in another cancer sample as somatic,20526288,
TP53,2186750,thyroid,COSM10905,c.451C>T,p.P151S,Substitution - Missense,,17:7675161-7675161,-,n,CANCER,Reported in another cancer sample as somatic,24423316,
TP53,SAL96-2,thyroid,COSM44500,c.446C>T,p.S149F,Substitution - Missense,,17:7675166-7675166,-,n,CANCER,Reported in another cancer sample as somatic,8630516,
PTEN,1047256,thyroid,COSM5144,c.464A>G,p.Y155C,Substitution - Missense,,10:87933223-87933223,+,n,CANCER,Reported in another cancer sample as somatic,17317825,
RET,S60265,thyroid,COSM959,c.2627C>T,p.A876V,Substitution - Missense,,10:43120100-43120100,+,n,CANCER,Confirmed somatic variant,10622534,
TSHR,1098165,thyroid,COSM26425,c.1966G>T,p.V656F,Substitution - Missense,het,14:81144024-81144024,+,n,CANCER,Confirmed somatic variant,9360556,
KRAS_ENST00000256078,MTCB06,thyroid,COSM1157797,c.34G>C,p.G12R,Substitution - Missense,,12:25245351-25245351,-,n,CANCER,Confirmed somatic variant,23264394,
HRAS_ENST00000397594,99,thyroid,COSM123649,c.181C>A,p.Q61K,Substitution - Missense,,11:533875-533875,-,n,CANCER,Confirmed somatic variant,21726664,
TP53,WHM07-13,thyroid,COSM10704,c.844C>T,p.R282W,Substitution - Missense,,17:7673776-7673776,-,n,CANCER,Reported in another cancer sample as somatic,17638058,
CTNNB1,E37498,thyroid,COSM5759,c.85T>C,p.S29P,Substitution - Missense,,3:41224597-41224597,+,n,CANCER,Confirmed somatic variant,12474227,
TSHR,1345463,thyroid,COSM26483,c.1514G>A,p.S505N,Substitution - Missense,het,14:81143572-81143572,+,n,CANCER,Confirmed somatic variant,19550078,
PIK3CA,70,thyroid,COSM28544,c.3026G>A,p.G1009E,Substitution - Missense,het,3:179234183-179234183,+,n,CANCER,Confirmed somatic variant,16288007,
TP53,2186777,thyroid,COSM44672,c.658T>A,p.Y220N,Substitution - Missense,,17:7674873-7674873,-,n,CANCER,Reported in another cancer sample as somatic,24423316,
TP53,2186777,thyroid,COSM45417,c.877G>A,p.G293R,Substitution - Missense,,17:7673743-7673743,-,n,CANCER,Variant of unknown origin,24423316,
RET,S60703,thyroid,COSM966,c.1900T>C,p.C634R,Substitution - Missense,,10:43114500-43114500,+,n,CANCER,Confirmed somatic variant,8636377,
TP53,DON93-T7,thyroid,COSM10859,c.814G>T,p.V272L,Substitution - Missense,,17:7673806-7673806,-,n,CANCER,Reported in another cancer sample as somatic,8473515,
MEN1,1458873,parathyroid,COSM51688,c.362T>A,p.V121D,Substitution - Missense,,11:64809748-64809748,-,n,CANCER,Confirmed somatic variant,20480190,
PIK3CA,227,thyroid,COSM773,c.3129G>T,p.M1043I,Substitution - Missense,het,3:179234286-179234286,+,n,CANCER,Confirmed somatic variant,16288007,
PIK3CA,20c,thyroid,COSM27133,c.1633G>C,p.E545Q,Substitution - Missense,het,3:179218303-179218303,+,n,CANCER,Reported in another cancer sample as somatic,16288007,
BRAF,1459201,thyroid,COSM21549,c.1793C>T,p.A598V,Substitution - Missense,,7:140753342-140753342,-,n,CANCER,Reported in another cancer sample as somatic,20564403,
RET,1788496,thyroid,COSM980,c.1853G>A,p.C618Y,Substitution - Missense,,10:43113649-43113649,+,n,CANCER,Reported in another cancer sample as somatic,22747440,
RET,S60264,thyroid,COSM958,c.2242G>T,p.G748C,Substitution - Missense,,10:43116689-43116689,+,n,CANCER,Confirmed somatic variant,10622534,
PIK3CA_ENST00000263967,6534,thyroid,COSM125370,c.1633G>A,p.E545K,Substitution - Missense,,3:179218303-179218303,+,n,CANCER,Confirmed somatic variant,21726664,
RET,S60267,thyroid,COSM963,c.2701G>A,p.E901K,Substitution - Missense,,10:43120174-43120174,+,n,CANCER,Confirmed somatic variant,10622534,
KRAS,1745347,thyroid,COSM520,c.35G>T,p.G12V,Substitution - Missense,,12:25245350-25245350,-,n,CANCER,Reported in another cancer sample as somatic,22865907,
TP53,2186733,thyroid,COSM44226,c.380C>T,p.S127F,Substitution - Missense,,17:7675232-7675232,-,n,CANCER,Reported in another cancer sample as somatic,24423316,
CDC73,1089709,parathyroid,COSM26050,c.4G>T,p.A2S,Substitution - Missense,,1:193122204-193122204,+,n,CANCER,Confirmed somatic variant,17639062,
PIK3CA,1047196,thyroid,COSM29110,c.3115T>C,p.F1039L,Substitution - Missense,,3:179234272-179234272,+,n,CANCER,Variant of unknown origin,17317825,
KRAS,1745354,thyroid,COSM19900,c.437C>T,p.A146V,Substitution - Missense,,12:25225627-25225627,-,n,CANCER,Reported in another cancer sample as somatic,22865907,
HRAS,S71856,thyroid,COSM498,c.182A>T,p.Q61L,Substitution - Missense,,11:533874-533874,-,n,CANCER,Reported in another cancer sample as somatic,12947056,
HRAS,S71856,thyroid,COSM503,c.183G>C,p.Q61H,Substitution - Missense,,11:533873-533873,-,n,CANCER,Reported in another cancer sample as somatic,12947056,
TEX14_ENST00000240361,114T,thyroid,COSM1237952,c.1406T>A,p.V469D,Substitution - Missense,,17:58602539-58602539,-,n,CANCER,Confirmed somatic variant,23264394,
ATM_ENST00000278616,107T,thyroid,COSM1237713,c.5963G>T,p.S1988I,Substitution - Missense,,11:108312455-108312455,+,n,CANCER,Confirmed somatic variant,23264394,
PIK3CA_ENST00000263967,1092236,thyroid,COSM446029,c.3145G>C,p.G1049R,Substitution - Missense,,3:179234302-179234302,+,n,CANCER,Confirmed somatic variant,22696596,
KRAS,1091888,thyroid,COSM26146,c.91G>C,p.E31Q,Substitution - Missense,het,12:25245294-25245294,-,n,CANCER,Confirmed somatic variant,17943694,
RET,TT,thyroid,COSM975,c.1902C>G,p.C634W,Substitution - Missense,,10:43114502-43114502,+,n,CANCER,Confirmed somatic variant,8556059,
HRAS_ENST00000397594,MTCB07,thyroid,COSM1237677,c.351G>T,p.K117N,Substitution - Missense,,11:533552-533552,-,n,CANCER,Confirmed somatic variant,23264394,
FGFR3,111T,thyroid,COSM1237785,c.2066C>T,p.T689M,Substitution - Missense,,4:1806581-1806581,+,n,CANCER,Confirmed somatic variant,23264394,
MEN1,1020066,parathyroid,COSM22663,c.959C>T,p.P320L,Substitution - Missense,hom,11:64806322-64806322,-,n,CANCER,Confirmed somatic variant,10993646,
CEP135,116T,thyroid,COSM192447,c.869G>A,p.R290H,Substitution - Missense,,4:55965684-55965684,+,n,CANCER,Confirmed somatic variant,23264394,
PIK3CA,1047194,thyroid,COSM29106,c.1658G>A,p.S553N,Substitution - Missense,,3:179218328-179218328,+,n,CANCER,Variant of unknown origin,17317825,
PIK3CA,120,thyroid,COSM28546,c.2944G>A,p.E982K,Substitution - Missense,het,3:179234101-179234101,+,n,CANCER,Confirmed somatic variant,16288007,
RET,1212513,thyroid,COSM29804,c.1858T>C,p.C620R,Substitution - Missense,,10:43113654-43113654,+,n,CANCER,Confirmed somatic variant,19401695,
PIK3CD,Patient_1:_pre-everolimus,thyroid,COSM1220603,c.113G>A,p.R38H,Substitution - Missense,het,1:9710568-9710568,+,n,CANCER,Confirmed somatic variant,25295501,
TP53,2186780,thyroid,COSM43708,c.422G>A,p.C141Y,Substitution - Missense,,17:7675190-7675190,-,n,CANCER,Reported in another cancer sample as somatic,24423316,
TP53,2186780,thyroid,COSM44229,c.515T>A,p.V172D,Substitution - Missense,,17:7675097-7675097,-,n,CANCER,Reported in another cancer sample as somatic,24423316,
KRAS,1434908,thyroid,COSM527,c.37G>T,p.G13C,Substitution - Missense,,12:25245348-25245348,-,n,CANCER,Reported in another cancer sample as somatic,20526288,
PIK3CA,1078184,thyroid,COSM28543,c.3092C>T,p.T1031I,Substitution - Missense,,3:179234249-179234249,+,n,CANCER,Confirmed somatic variant,22696596,
ALK,1536205,thyroid,COSM97028,c.3592C>T,p.L1198F,Substitution - Missense,het,2:29220759-29220759,-,n,CANCER,Confirmed somatic variant,21596819,
IDH1,1533529,thyroid,COSM96922,c.367G>A,p.G123R,Substitution - Missense,hom,2:208248416-208248416,-,n,CANCER,Variant of unknown origin,20171178,
PIK3CA,1047248,thyroid,COSM29123,c.1613A>G,p.D538G,Substitution - Missense,,3:179218283-179218283,+,n,CANCER,Variant of unknown origin,17317825,
MEN1,1021997,parathyroid,COSM22638,c.124G>A,p.G42S,Substitution - Missense,,11:64809986-64809986,-,n,CANCER,Confirmed somatic variant,10715991,
CTNNB1,gar-4,thyroid,COSM5710,c.136C>G,p.L46V,Substitution - Missense,,3:41224648-41224648,+,n,CANCER,Variant of unknown origin,10213482,
TP53,ITO92-5,thyroid,COSM10656,c.742C>T,p.R248W,Substitution - Missense,,17:7674221-7674221,-,n,CANCER,Reported in another cancer sample as somatic,1737400,
CDKN2A,2186777,thyroid,COSM3737053,c.159G>A,p.M53I,Substitution - Missense,,9:21971200-21971200,-,n,CANCER,Confirmed somatic variant,24423316,
PTPRE_ENST00000306042,6,parathyroid,COSM1237194,c.1778A>G,p.K593R,Substitution - Missense,,10:128079619-128079619,+,n,CANCER,Confirmed somatic variant,22855342,
BRAF,SNU-80,thyroid,COSM457,c.1405G>A,p.G469R,Substitution - Missense,het,7:140781603-140781603,-,n,CANCER,Reported in another cancer sample as somatic,17134824,
CBFA2T3,111T,thyroid,COSM1237731,c.964A>G,p.N322D,Substitution - Missense,,16:88885199-88885199,-,n,CANCER,Confirmed somatic variant,23264394,
PTEN,1047275,thyroid,COSM23662,c.347A>G,p.D116G,Substitution - Missense,,10:87933106-87933106,+,n,CANCER,Variant of unknown origin,17317825,
TP53,ZOU93-8,thyroid,COSM43980,c.691A>G,p.T231A,Substitution - Missense,,17:7674272-7674272,-,n,CANCER,Variant of unknown origin,8408453,
WDR82_ENST00000296490,6,parathyroid,COSM1237140,c.571T>C,p.Y191H,Substitution - Missense,,3:52259845-52259845,-,n,CANCER,Confirmed somatic variant,22855342,
MEN1,1933025,parathyroid,COSM1577229,c.539A>T,p.D180V,Substitution - Missense,hom,11:64808006-64808006,-,n,CANCER,Confirmed somatic variant,23633209,
NRAS,S71878,thyroid,COSM575,c.38G>C,p.G13A,Substitution - Missense,,1:114716123-114716123,-,n,CANCER,Reported in another cancer sample as somatic,12947056,
CTNNB1,E37502,thyroid,COSM5762,c.115G>A,p.A39T,Substitution - Missense,,3:41224627-41224627,+,n,CANCER,Confirmed somatic variant,12474227,
PIK3CA,1059552,thyroid,COSM33598,c.3002T>A,p.L1001H,Substitution - Missense,,3:179234159-179234159,+,n,CANCER,Variant of unknown origin,17426084,
NRAS,nam-25,thyroid,COSM581,c.181C>G,p.Q61E,Substitution - Missense,,1:114713909-114713909,-,n,CANCER,Confirmed somatic variant,2283998,
PIK3CA,105,thyroid,COSM28545,c.3123A>T,p.K1041N,Substitution - Missense,het,3:179234280-179234280,+,n,CANCER,Confirmed somatic variant,16288007,
MEN1,1084229,parathyroid,COSM25822,c.631G>T,p.V211F,Substitution - Missense,,11:64807914-64807914,-,n,CANCER,Confirmed somatic variant,17555500,
HRAS,1146423,thyroid,COSM482,c.34G>C,p.G12R,Substitution - Missense,,11:534289-534289,-,n,CANCER,Confirmed somatic variant,18310288,
MEN1,1024644,parathyroid,COSM22653,c.135G>T,p.E45D,Substitution - Missense,hom,11:64809975-64809975,-,n,CANCER,Confirmed somatic variant,9709922,
MEN1,4,parathyroid,COSM1237092,c.491C>A,p.A164D,Substitution - Missense,,11:64808054-64808054,-,n,CANCER,Confirmed somatic variant,22855342,
RET,1005212,thyroid,COSM20890,c.1771G>A,p.V591I,Substitution - Missense,hom,10:43113567-43113567,+,n,CANCER,Confirmed somatic variant,16571096,
PTPRE,6,parathyroid,COSM1237193,c.1952A>G,p.K651R,Substitution - Missense,,10:128079619-128079619,+,n,CANCER,Confirmed somatic variant,22855342,
MEN1,1021257,parathyroid,COSM23019,c.95C>G,p.P32R,Substitution - Missense,hom,11:64810015-64810015,-,n,CANCER,Confirmed somatic variant,11058905,
SMAD9,PTC-7C,thyroid,COSM227857,c.713C>T,p.S238L,Substitution - Missense,,13:36865716-36865716,-,n,CANCER,Confirmed somatic variant,,589
ZFYVE9,6,parathyroid,COSM1237111,c.3389T>C,p.M1130T,Substitution - Missense,,1:52303876-52303876,+,n,CANCER,Confirmed somatic variant,22855342,
BRAF,2186777,thyroid,COSM28505,c.1792G>A,p.A598T,Substitution - Missense,,7:140753343-140753343,-,n,CANCER,Reported in another cancer sample as somatic,24423316,
TEX14,114T,thyroid,COSM1237953,c.1388T>A,p.V463D,Substitution - Missense,,17:58602539-58602539,-,n,CANCER,Confirmed somatic variant,23264394,
RET,1695751,thyroid,COSM249791,c.1843G>A,p.E615K,Substitution - Missense,het,10:43113639-43113639,+,n,CANCER,Variant of unknown origin,22648435,
CTNNB1,gar-20,thyroid,COSM5705,c.172G>A,p.D58N,Substitution - Missense,,3:41224684-41224684,+,n,CANCER,Reported in another cancer sample as somatic,10213482,
PTEN,1047254,thyroid,COSM23659,c.461T>C,p.F154S,Substitution - Missense,,10:87933220-87933220,+,n,CANCER,Variant of unknown origin,17317825,
PTEN,1047249,thyroid,COSM23658,c.485A>G,p.D162G,Substitution - Missense,,10:87933244-87933244,+,n,CANCER,Variant of unknown origin,17317825,
FLI1,6,parathyroid,COSM1237201,c.1048A>G,p.K350E,Substitution - Missense,,11:128810677-128810677,+,n,CANCER,Confirmed somatic variant,22855342,
CTNNB1,gar-21,thyroid,COSM5707,c.160G>A,p.E54K,Substitution - Missense,,3:41224672-41224672,+,n,CANCER,Reported in another cancer sample as somatic,10213482,
CTNNB1,gar-21,thyroid,COSM5698,c.155C>T,p.P52L,Substitution - Missense,,3:41224667-41224667,+,n,CANCER,Variant of unknown origin,10213482,
MEN1,1024395,parathyroid,COSM22647,c.1252G>A,p.D418N,Substitution - Missense,hom,11:64805132-64805132,-,n,CANCER,Confirmed somatic variant,9241276,
NTRK1_ENST00000392302,6,parathyroid,COSM1237115,c.2009C>A,p.T670N,Substitution - Missense,,1:156880069-156880069,+,n,CANCER,Confirmed somatic variant,22855342,
FGFR3_ENST00000340107,111T,thyroid,COSM1237784,c.2072C>T,p.T691M,Substitution - Missense,,4:1806581-1806581,+,n,CANCER,Confirmed somatic variant,23264394,
MEN1,1024391,parathyroid,COSM22645,c.76G>A,p.E26K,Substitution - Missense,hom,11:64810034-64810034,-,n,CANCER,Confirmed somatic variant,9241276,
EGFR,1005461,thyroid,COSM20897,c.2083A>G,p.S695G,Substitution - Missense,,7:55173942-55173942,+,n,CANCER,Variant of unknown origin,16822827,
VBP1,114T,thyroid,COSM1237972,c.419C>T,p.A140V,Substitution - Missense,,23:155236263-155236263,+,n,CANCER,Confirmed somatic variant,23264394,
PIK3CA,21,thyroid,COSM25082,c.3020G>A,p.G1007D,Substitution - Missense,het,3:179234177-179234177,+,n,CANCER,Variant of unknown origin,16288007,
PTEN,1047150,thyroid,COSM23651,c.353A>G,p.H118R,Substitution - Missense,,10:87933112-87933112,+,n,CANCER,Reported in another cancer sample as somatic,17317825,
HRAS,S71862,thyroid,COSM500,c.182A>C,p.Q61P,Substitution - Missense,,11:533874-533874,-,n,CANCER,Variant of unknown origin,12947056,
DISP2,106T,thyroid,COSM1237754,c.1514T>C,p.L505P,Substitution - Missense,,15:40367626-40367626,+,n,CANCER,Confirmed somatic variant,23264394,
CTNNB1,E37499,thyroid,COSM5760,c.145A>G,p.K49E,Substitution - Missense,,3:41224657-41224657,+,n,CANCER,Confirmed somatic variant,12474227,
HRAS,fen-21,thyroid,COSM484,c.35G>A,p.G12D,Substitution - Missense,,11:534288-534288,-,n,CANCER,Reported in another cancer sample as somatic,10614528,
CTNNB1,gar-10,thyroid,COSM5703,c.106C>T,p.H36Y,Substitution - Missense,,3:41224618-41224618,+,n,CANCER,Reported in another cancer sample as somatic,10213482,
CTNNB1,gar-10,thyroid,COSM5702,c.59C>T,p.A20V,Substitution - Missense,,3:41224571-41224571,+,n,CANCER,Reported in another cancer sample as somatic,10213482,
IDH1,1528350,thyroid,COSM96531,c.209G>A,p.G70D,Substitution - Missense,,2:208248574-208248574,-,n,CANCER,Confirmed somatic variant,20702649,
MEN1,1030145,parathyroid,COSM22599,c.871C>G,p.P291A,Substitution - Missense,,11:64807052-64807052,-,n,CANCER,Confirmed somatic variant,15754732,
AXIN1,10,thyroid,COSM143865,c.971A>T,p.Q324L,Substitution - Missense,het,16:314591-314591,-,n,CANCER,Confirmed somatic variant,15650354,
IDH1,1528354,thyroid,COSM96534,c.401C>A,p.A134D,Substitution - Missense,,2:208248382-208248382,-,n,CANCER,Confirmed somatic variant,20702649,
AXIN1,9,thyroid,COSM143863,c.1745T>C,p.V582A,Substitution - Missense,hom,16:297761-297761,-,n,CANCER,Confirmed somatic variant,15650354,
GNAS,1167553,thyroid,COSM27899,c.601C>A,p.R201S,Substitution - Missense,,20:58909365-58909365,+,n,CANCER,Reported in another cancer sample as somatic,1903197,
MEN1,1030147,parathyroid,COSM22570,c.266T>G,p.L89R,Substitution - Missense,,11:64809844-64809844,-,n,CANCER,Confirmed somatic variant,15754732,
EGFR,1188169,thyroid,COSM29274,c.2254T>C,p.S752P,Substitution - Missense,het,7:55174791-55174791,+,n,CANCER,Variant of unknown origin,19253367,
SMAD4,28I,thyroid,COSM14186,c.788A>G,p.N263S,Substitution - Missense,het,18:51058340-51058340,+,n,CANCER,Confirmed somatic variant,15940269,
SMAD4,28I,thyroid,COSM14185,c.676G>A,p.A226T,Substitution - Missense,het,18:51058133-51058133,+,n,CANCER,Confirmed somatic variant,15940269,
PIK3CA,1059554,thyroid,COSM33600,c.3046T>C,p.F1016L,Substitution - Missense,,3:179234203-179234203,+,n,CANCER,Variant of unknown origin,17426084,
VHL,1541005,thyroid,COSM14320,c.233A>T,p.N78I,Substitution - Missense,het,3:10142080-10142080,+,n,CANCER,Confirmed somatic variant,21630273,
PIK3CA_ENST00000263967,PTC-10C,thyroid,COSM295672,c.1633G>C,p.E545Q,Substitution - Missense,,3:179218303-179218303,+,n,CANCER,Confirmed somatic variant,,589
CTNNB1,gar-16,thyroid,COSM5696,c.125C>T,p.T42I,Substitution - Missense,,3:41224637-41224637,+,n,CANCER,Reported in another cancer sample as somatic,10213482,
CTNNB1,gar-16,thyroid,COSM5669,c.98C>T,p.S33F,Substitution - Missense,,3:41224610-41224610,+,n,CANCER,Reported in another cancer sample as somatic,10213482,
PTEN,2186754,thyroid,COSM5132,c.688G>A,p.G230R,Substitution - Missense,,10:87957906-87957906,+,n,CANCER,Confirmed somatic variant,24423316,
NTRK1,6,parathyroid,COSM1237114,c.2117C>A,p.T706N,Substitution - Missense,,1:156880069-156880069,+,n,CANCER,Confirmed somatic variant,22855342,
SF3B1,114T,thyroid,COSM1237928,c.2731T>G,p.L911V,Substitution - Missense,,2:197400422-197400422,-,n,CANCER,Confirmed somatic variant,23264394,
TP53_ENST00000455263,PTC-77C,thyroid,COSM1709730,c.535C>T,p.H179Y,Substitution - Missense,,17:7675077-7675077,-,n,CANCER,Confirmed somatic variant,,589
TP53_ENST00000413465,PTC-77C,thyroid,COSM129849,c.535C>T,p.H179Y,Substitution - Missense,,17:7675077-7675077,-,n,CANCER,Confirmed somatic variant,,589
NRAS,cha-1,thyroid,COSM566,c.35G>T,p.G12V,Substitution - Missense,,1:114716126-114716126,-,n,CANCER,Reported in another cancer sample as somatic,7630645,
TP53,PTC-77C,thyroid,COSM10768,c.535C>T,p.H179Y,Substitution - Missense,,17:7675077-7675077,-,n,CANCER,Confirmed somatic variant,,589
RET,102T,thyroid,COSM1237916,c.1891G>A,p.D631N,Substitution - Missense,,10:43114491-43114491,+,n,CANCER,Confirmed somatic variant,23264394,
LIMCH1_ENST00000503057,9,parathyroid,COSM1237269,c.2702G>T,p.S901I,Substitution - Missense,,4:41646775-41646775,+,n,CANCER,Confirmed somatic variant,22855342,
HRAS,2068744,thyroid,COSM1732634,c.216G>A,p.M72I,Substitution - Missense,het,11:533840-533840,-,n,CANCER,Confirmed somatic variant,23934677,
LIMCH1,9,parathyroid,COSM1237268,c.1547G>T,p.S516I,Substitution - Missense,,4:41646775-41646775,+,n,CANCER,Confirmed somatic variant,22855342,
APC,17,thyroid,COSM18738,c.4495G>A,p.G1499R,Substitution - Missense,het,5:112840089-112840089,+,n,CANCER,Confirmed somatic variant,15650354,
BRAF,1224068,thyroid,COSM30671,c.1778G>A,p.G593D,Substitution - Missense,het,7:140753357-140753357,-,n,CANCER,Confirmed somatic variant,19269016,
TP53,ZOU93-3,thyroid,COSM43624,c.875A>G,p.K292R,Substitution - Missense,,17:7673745-7673745,-,n,CANCER,Variant of unknown origin,8408453,
ARNT,103T,thyroid,COSM1237711,c.2045C>G,p.P682R,Substitution - Missense,,1:150814145-150814145,-,n,CANCER,Confirmed somatic variant,23264394,
PIK3CA_ENST00000263967,6622,thyroid,COSM1666843,c.977C>T,p.S326F,Substitution - Missense,,3:179203707-179203707,+,n,CANCER,Confirmed somatic variant,21726664,
TP53,2007922,thyroid,COSM43650,c.638G>T,p.R213L,Substitution - Missense,,17:7674893-7674893,-,n,CANCER,Reported in another cancer sample as somatic,23907151,
PIK3CA,2186774,thyroid,COSM328027,c.3032C>T,p.P1011L,Substitution - Missense,,3:179234189-179234189,+,n,CANCER,Confirmed somatic variant,24423316,
TP53,WHM07-4,thyroid,COSM10690,c.473G>A,p.R158H,Substitution - Missense,,17:7675139-7675139,-,n,CANCER,Reported in another cancer sample as somatic,17638058,
PIK3CA,6622,thyroid,COSM1666844,c.977C>T,p.S326F,Substitution - Missense,,3:179203707-179203707,+,n,CANCER,Confirmed somatic variant,21726664,
FLT3,2007920,thyroid,COSM786,c.2039C>T,p.A680V,Substitution - Missense,,13:28028192-28028192,-,n,CANCER,Reported in another cancer sample as somatic,23907151,
KRAS,9,thyroid,COSM529,c.37G>C,p.G13R,Substitution - Missense,,12:25245348-25245348,-,n,CANCER,Reported in another cancer sample as somatic,19809427,
CDKN2A,A5,thyroid,COSM13474,c.220G>A,p.D74N,Substitution - Missense,,9:21971139-21971139,-,n,CANCER,Confirmed somatic variant,8561866,
PIK3CA,1047195,thyroid,COSM29108,c.3184A>G,p.I1062V,Substitution - Missense,,3:179234341-179234341,+,n,CANCER,Variant of unknown origin,17317825,
IDH1,1528351,thyroid,COSM96532,c.390A>G,p.I130M,Substitution - Missense,het,2:208248393-208248393,-,n,CANCER,Confirmed somatic variant,20702649,
TP53_ENST00000414315,PTC-77C,thyroid,COSM129851,c.139C>T,p.H47Y,Substitution - Missense,,17:7675077-7675077,-,n,CANCER,Confirmed somatic variant,,589
CTNNB1,gar-14,thyroid,COSM5699,c.128C>T,p.A43V,Substitution - Missense,,3:41224640-41224640,+,n,CANCER,Variant of unknown origin,10213482,
PTEN,1047160,thyroid,COSM23654,c.701G>A,p.R234Q,Substitution - Missense,,10:87957919-87957919,+,n,CANCER,Variant of unknown origin,17317825,
PTEN,1047160,thyroid,COSM23653,c.476G>A,p.R159K,Substitution - Missense,,10:87933235-87933235,+,n,CANCER,Reported in another cancer sample as somatic,17317825,
RET,103T,thyroid,COSM1237917,c.1888T>A,p.C630S,Substitution - Missense,,10:43114488-43114488,+,n,CANCER,Confirmed somatic variant,23264394,
TP53,KYP98-1,thyroid,COSM10867,c.797G>A,p.G266E,Substitution - Missense,,17:7673823-7673823,-,n,CANCER,Reported in another cancer sample as somatic,9861322,
SMAD4,949511,thyroid,COSM14190,c.992T>C,p.M331T,Substitution - Missense,het,18:51065459-51065459,+,n,CANCER,Confirmed somatic variant,15940269,
SMAD4,949511,thyroid,COSM14191,c.1016T>C,p.F339S,Substitution - Missense,het,18:51065483-51065483,+,n,CANCER,Confirmed somatic variant,15940269,
TP53,ZOU93-11,thyroid,COSM10834,c.711G>A,p.M237I,Substitution - Missense,,17:7674252-7674252,-,n,CANCER,Reported in another cancer sample as somatic,8408453,
RET,S60266,thyroid,COSM961,c.2723G>A,p.R908K,Substitution - Missense,,10:43120196-43120196,+,n,CANCER,Confirmed somatic variant,10622534,
RET,S60266,thyroid,COSM960,c.2650G>A,p.E884K,Substitution - Missense,,10:43120123-43120123,+,n,CANCER,Confirmed somatic variant,10622534,
MEN1,102T,thyroid,COSM1237837,c.1248C>G,p.F416L,Substitution - Missense,,11:64805136-64805136,-,n,CANCER,Confirmed somatic variant,23264394,
MEN1,3,parathyroid,COSM1237085,c.703G>A,p.E235K,Substitution - Missense,,11:64807632-64807632,-,n,CANCER,Confirmed somatic variant,22855342,
TP53,ZOU93-10,thyroid,COSM43979,c.802A>C,p.N268H,Substitution - Missense,,17:7673818-7673818,-,n,CANCER,Variant of unknown origin,8408453,
TP53_ENST00000269305,PTC-77C,thyroid,COSM129848,c.535C>T,p.H179Y,Substitution - Missense,,17:7675077-7675077,-,n,CANCER,Confirmed somatic variant,,589
TP53,2186774,thyroid,COSM45679,c.868C>T,p.R290C,Substitution - Missense,,17:7673752-7673752,-,n,CANCER,Reported in another cancer sample as somatic,24423316,
MEN1,1030136,parathyroid,COSM22596,c.1739C>G,p.T580R,Substitution - Missense,hom,11:64804428-64804428,-,n,CANCER,Confirmed somatic variant,10931084,
TP53_ENST00000545858,PTC-77C,thyroid,COSM129850,c.256C>T,p.H86Y,Substitution - Missense,,17:7675077-7675077,-,n,CANCER,Confirmed somatic variant,,589
ANKRD50,8,parathyroid,COSM1237257,c.1355C>T,p.A452V,Substitution - Missense,,4:124671922-124671922,-,n,CANCER,Confirmed somatic variant,22855342,
RET,105T,thyroid,COSM1237918,c.1900T>A,p.C634S,Substitution - Missense,,10:43114500-43114500,+,n,CANCER,Confirmed somatic variant,23264394,
CHD5_ENST00000262450,105T,thyroid,COSM1237736,c.994A>C,p.I332L,Substitution - Missense,,1:6151032-6151032,-,n,CANCER,Confirmed somatic variant,23264394,
PIK3CA,9816,thyroid,COSM17443,c.3019G>C,p.G1007R,Substitution - Missense,,3:179234176-179234176,+,n,CANCER,Confirmed somatic variant,21726664,
PIK3CA,1047218,thyroid,COSM29114,c.2945A>G,p.E982G,Substitution - Missense,,3:179234102-179234102,+,n,CANCER,Variant of unknown origin,17317825,
PTEN,1047271,thyroid,COSM23661,c.440A>G,p.K147R,Substitution - Missense,,10:87933199-87933199,+,n,CANCER,Variant of unknown origin,17317825,
TP53,SG97-FA,thyroid,COSM45115,c.640C>G,p.H214D,Substitution - Missense,,17:7674891-7674891,-,n,CANCER,Reported in another cancer sample as somatic,9360526,
PIK3CA,1092240,thyroid,COSM759,c.1616C>G,p.P539R,Substitution - Missense,,3:179218286-179218286,+,n,CANCER,Reported in another cancer sample as somatic,18000091,
ANKRD27,MTCA06,thyroid,COSM1237709,c.280A>G,p.I94V,Substitution - Missense,,19:32646549-32646549,-,n,CANCER,Confirmed somatic variant,23264394,
SMAD4,949475,thyroid,COSM14196,c.1648C>T,p.P550S,Substitution - Missense,het,18:51078456-51078456,+,n,CANCER,Confirmed somatic variant,15940269,
TSHR,1103545,thyroid,COSM26505,c.1996T>C,p.F666L,Substitution - Missense,,14:81144054-81144054,+,n,CANCER,Variant of unknown origin,10319940,
PIK3CA,1047163,thyroid,COSM29096,c.1558G>A,p.D520N,Substitution - Missense,,3:179218228-179218228,+,n,CANCER,Variant of unknown origin,17317825,
PTEN,1059550,thyroid,COSM5224,c.370T>A,p.C124S,Substitution - Missense,,10:87933129-87933129,+,n,CANCER,Reported in another cancer sample as somatic,17426084,
VHL,1948247,thyroid,COSM17721,c.241C>T,p.P81S,Substitution - Missense,,3:10142088-10142088,+,n,CANCER,Reported in another cancer sample as somatic,23477374,
SMAD4,949474,thyroid,COSM14193,c.1487G>A,p.R496H,Substitution - Missense,het,18:51078295-51078295,+,n,CANCER,Confirmed somatic variant,15940269,
ZNF555,MTCA06,thyroid,COSM1237986,c.653A>G,p.H218R,Substitution - Missense,,19:2852718-2852718,+,n,CANCER,Confirmed somatic variant,23264394,
CTNNB1,E37504,thyroid,COSM5723,c.166G>A,p.D56N,Substitution - Missense,,3:41224678-41224678,+,n,CANCER,Confirmed somatic variant,12474227,
HRAS,916174,thyroid,COSM13204,c.31G>T,p.A11S,Substitution - Missense,,11:534292-534292,-,n,CANCER,Variant of unknown origin,15880523,
PIK3CA,1059553,thyroid,COSM33599,c.3052G>A,p.D1018N,Substitution - Missense,,3:179234209-179234209,+,n,CANCER,Variant of unknown origin,17426084,
PIK3CA_ENST00000263967,9816,thyroid,COSM94982,c.3019G>C,p.G1007R,Substitution - Missense,,3:179234176-179234176,+,n,CANCER,Confirmed somatic variant,21726664,
TP53,ZOU93-12,thyroid,COSM10739,c.481G>A,p.A161T,Substitution - Missense,,17:7675131-7675131,-,n,CANCER,Reported in another cancer sample as somatic,8408453,
HRAS,ezz-2,thyroid,COSM492,c.49A>G,p.S17G,Substitution - Missense,,11:534274-534274,-,n,CANCER,Confirmed somatic variant,8936664,
PTEN,1047259,thyroid,COSM23660,c.443C>A,p.A148E,Substitution - Missense,,10:87933202-87933202,+,n,CANCER,Variant of unknown origin,17317825,
SMAD4,949447,thyroid,COSM14189,c.971G>A,p.C324Y,Substitution - Missense,het,18:51065438-51065438,+,n,CANCER,Confirmed somatic variant,15940269,
CTNNB1,gar-8,thyroid,COSM5701,c.122C>G,p.T41S,Substitution - Missense,,3:41224634-41224634,+,n,CANCER,Reported in another cancer sample as somatic,10213482,
CTNNB1,gar-8,thyroid,COSM5713,c.113G>A,p.G38D,Substitution - Missense,,3:41224625-41224625,+,n,CANCER,Reported in another cancer sample as somatic,10213482,
RET,S60359,thyroid,COSM971,c.2296C>T,p.P766S,Substitution - Missense,,10:43118384-43118384,+,n,CANCER,Confirmed somatic variant,9617347,
ZFHX2,MTCA06,thyroid,COSM1237979,c.5726G>C,p.R1909T,Substitution - Missense,,14:23524216-23524216,-,n,CANCER,Confirmed somatic variant,23264394,
RET,1695750,thyroid,COSM249790,c.2680G>A,p.G894S,Substitution - Missense,het,10:43120153-43120153,+,n,CANCER,Variant of unknown origin,22648435,
CTNNB1,gar-11,thyroid,COSM5676,c.122C>T,p.T41I,Substitution - Missense,,3:41224634-41224634,+,n,CANCER,Reported in another cancer sample as somatic,10213482,
CDC73,7a,parathyroid,COSM26127,c.284T>C,p.L95P,Substitution - Missense,,1:193130220-193130220,+,n,CANCER,Confirmed somatic variant,25387265,
PTEN,1047147,thyroid,COSM23652,c.496G>A,p.V166I,Substitution - Missense,,10:87952121-87952121,+,n,CANCER,Variant of unknown origin,17317825,
HRAS,1556072,thyroid,COSM110720,c.43G>A,p.G15S,Substitution - Missense,het,11:534280-534280,-,n,CANCER,Variant of unknown origin,9528840,
SMAD4,949491,thyroid,COSM14180,c.608C>T,p.P203L,Substitution - Missense,het,18:51054934-51054934,+,n,CANCER,Confirmed somatic variant,15940269,
CTNNB1,gar-6,thyroid,COSM5711,c.49G>C,p.D17H,Substitution - Missense,,3:41224561-41224561,+,n,CANCER,Variant of unknown origin,10213482,
KRAS,nai-9,thyroid,COSM548,c.179G>C,p.G60A,Substitution - Missense,,12:25227345-25227345,-,n,CANCER,Variant of unknown origin,9851250,
SMAD4,949502,thyroid,COSM14184,c.941T>A,p.I314N,Substitution - Missense,het,18:51059902-51059902,+,n,CANCER,Confirmed somatic variant,15940269,
SMAD4,949502,thyroid,COSM14210,c.382G>A,p.V128M,Substitution - Missense,het,18:51048818-51048818,+,n,CANCER,Confirmed somatic variant,15940269,
PIK3CA,1047217,thyroid,COSM29112,c.3167A>G,p.D1056G,Substitution - Missense,,3:179234324-179234324,+,n,CANCER,Variant of unknown origin,17317825,
MEN1,1933023,parathyroid,COSM1509530,c.479C>A,p.A160D,Substitution - Missense,hom,11:64808066-64808066,-,n,CANCER,Confirmed somatic variant,23633209,
